name,Longitude,Latitude
Sri Lanka Police Headquarters,79.8500773,6.927753
Police Station - Pettah,79.8501426,6.9365308
Police Station - Mattakkuliya,79.8797565,6.9760103
Police Station - Cinnamon Gardens,79.863819,6.9072887
City Traffic Police Station,79.8563053,6.9341324
Colombo Fort Police Station,79.8428946,6.9334002
Modara Police Station,79.8685365,6.9648361
Police Station - Grandpass,79.8729828,6.9490522
Kollupitiya - Shore Police station,79.849048,6.9141145
Police Station - Moratuwa,79.8850477,6.7729491
Police Station - Kelaniya,79.9174498,6.9503173
Police Station Mattegoda,79.968885,6.8201619
Madampitiya Police Station,79.873605,6.9657667
Police Station Welikada,79.8951564,6.9095122
Police Station - Kelaniya,79.9174498,6.9503173
Sri Lanka Police Headquarters,79.8500773,6.927753
Police Station - Mirihana,79.9023896,6.8739002
Criminal Investigation Department - CID - Sri Lanka Police,79.844927,6.9366384
Mihijayasewana Police Station,79.8731472,6.965558
Senior Superintendent of Police - Mirihana Office,79.9019864,6.8742227
Police Station Meegahawaththa,80.000356,6.988968
